<?xml version="1.0" encoding="UTF-8"?>

<txns>
  <txn>
    <txnID>1001</txnID>
    <date>2/18/2020</date>
    <cust>Proin Dolor Institut</cust>
    <prod>Xinoprozen</prod>
    <qty>900</qty>
    <amount>2538</amount>
    <country>Germany</country>
    <repID>221</repID>
  </txn>
  <txn>
    <txnID>1002</txnID>
    <date>3/15/2020</date>
    <cust>Luctus Aliquet Plc</cust>
    <prod>Alaraphosol</prod>
    <qty>900</qty>
    <amount>828</amount>
    <country>Brazil</country>
    <repID>887</repID>
  </txn>
  <txn>
    <txnID>1003</txnID>
    <date>8/11/2020</date>
    <cust>Varius Plc</cust>
    <prod>Diaprogenix</prod>
    <qty>1300</qty>
    <amount>52</amount>
    <country>Brazil</country>
    <repID>887</repID>
  </txn>
  <txn>
    <txnID>1004</txnID>
    <date>10/24/2020</date>
    <cust>Luctus Aliquet Plc</cust>
    <prod>Clobromizen</prod>
    <qty>1500</qty>
    <amount>2160</amount>
    <country>Brazil</country>
    <repID>887</repID>
  </txn>
  <txn>
    <txnID>1005</txnID>
    <date>2/3/2020</date>
    <cust>Vitae Risus Incorporated</cust>
    <prod>Clobromizen</prod>
    <qty>900</qty>
    <amount>1296</amount>
    <country>USA</country>
    <repID>203</repID>
  </txn>
  <txn>
    <txnID>1006</txnID>
    <date>3/22/2020</date>
    <cust>Luctus Aliquet Plc</cust>
    <prod>Gerantrazeophem</prod>
    <qty>600</qty>
    <amount>1122</amount>
    <country>Brazil</country>
    <repID>887</repID>
  </txn>
  <txn>
    <txnID>1007</txnID>
    <date>3/21/2020</date>
    <cust>Vitae Risus Incorporated</cust>
    <prod>Gerantrazeophem</prod>
    <qty>1200</qty>
    <amount>2244</amount>
    <country>USA</country>
    <repID>203</repID>
  </txn>
  <txn>
    <txnID>1008</txnID>
    <date>8/12/2020</date>
    <cust>Plaxus Medical</cust>
    <prod>Alaraphosol</prod>
    <qty>1700</qty>
    <amount>1564</amount>
    <country>USA</country>
    <repID>119</repID>
  </txn>
  <txn>
    <txnID>1009</txnID>
    <date>7/8/2020</date>
    <cust>Varius Plc</cust>
    <prod>Gerantrazeophem</prod>
    <qty>1500</qty>
    <amount>2805</amount>
    <country>Brazil</country>
    <repID>887</repID>
  </txn>
  <txn>
    <txnID>1010</txnID>
    <date>5/5/2020</date>
    <cust>Adipiscing Mauris Inc.</cust>
    <prod>Colophrazen</prod>
    <qty>600</qty>
    <amount>738</amount>
    <country>USA</country>
    <repID>203</repID>
  </txn>
  <txn>
    <txnID>1011</txnID>
    <date>11/28/2020</date>
    <cust>Erat Pharma</cust>
    <prod>Alaraphosol</prod>
    <qty>1100</qty>
    <amount>1012</amount>
    <country>Germany</country>
    <repID>100</repID>
  </txn>
  <txn>
    <txnID>1012</txnID>
    <date>2/17/2020</date>
    <cust>Adipiscing Mauris Inc.</cust>
    <prod>Diaprogenix</prod>
    <qty>1700</qty>
    <amount>68</amount>
    <country>USA</country>
    <repID>203</repID>
  </txn>
  <txn>
    <txnID>1013</txnID>
    <date>7/10/2020</date>
    <cust>Enim PC</cust>
    <prod>Gerantrazeophem</prod>
    <qty>800</qty>
    <amount>1496</amount>
    <country>USA</country>
    <repID>203</repID>
  </txn>
  <txn>
    <txnID>1014</txnID>
    <date>7/28/2020</date>
    <cust>Proin Dolor Institut</cust>
    <prod>Colophrazen</prod>
    <qty>200</qty>
    <amount>246</amount>
    <country>Germany</country>
    <repID>221</repID>
  </txn>
  <txn>
    <txnID>1015</txnID>
    <date>11/20/2020</date>
    <cust>Lorem Luctus</cust>
    <prod>Alaraphosol</prod>
    <qty>700</qty>
    <amount>644</amount>
    <country>USA</country>
    <repID>332</repID>
  </txn>
  <txn>
    <txnID>1016</txnID>
    <date>8/24/2020</date>
    <cust>Eleifend GMBH</cust>
    <prod>Colophrazen</prod>
    <qty>600</qty>
    <amount>738</amount>
    <country>Germany</country>
    <repID>100</repID>
  </txn>
  <txn>
    <txnID>1017</txnID>
    <date>2/24/2020</date>
    <cust>Proin Dolor Institut</cust>
    <prod>Alaraphosol</prod>
    <qty>500</qty>
    <amount>460</amount>
    <country>Germany</country>
    <repID>221</repID>
  </txn>
  <txn>
    <txnID>1018</txnID>
    <date>3/28/2020</date>
    <cust>Plaxus Medical</cust>
    <prod>Xinoprozen</prod>
    <qty>200</qty>
    <amount>564</amount>
    <country>USA</country>
    <repID>119</repID>
  </txn>
  <txn>
    <txnID>1019</txnID>
    <date>12/3/2020</date>
    <cust>Plaxus Medical</cust>
    <prod>Colophrazen</prod>
    <qty>800</qty>
    <amount>984</amount>
    <country>USA</country>
    <repID>119</repID>
  </txn>
  <txn>
    <txnID>1020</txnID>
    <date>9/20/2020</date>
    <cust>Proin Dolor Institut</cust>
    <prod>Clobromizen</prod>
    <qty>600</qty>
    <amount>864</amount>
    <country>Germany</country>
    <repID>221</repID>
  </txn>
</txns>
