<?xml version="1.0" encoding="UTF-8"?>

<txns>
  <txn>
    <txnID>1001</txnID>
    <date>4/3/2020</date>
    <cust>Eu Dolor Companie</cust>
    <prod>Diaprogenix</prod>
    <qty>600</qty>
    <amount>24</amount>
    <country>Brazil</country>
    <repID>887</repID>
  </txn>
  <txn>
    <txnID>1002</txnID>
    <date>8/4/2020</date>
    <cust>Vitae Risus Incorporated</cust>
    <prod>Clobromizen</prod>
    <qty>1600</qty>
    <amount>2304</amount>
    <country>USA</country>
    <repID>203</repID>
  </txn>
  <txn>
    <txnID>1003</txnID>
    <date>11/16/2020</date>
    <cust>Luctus Aliquet Plc</cust>
    <prod>Diaprogenix</prod>
    <qty>200</qty>
    <amount>8</amount>
    <country>Brazil</country>
    <repID>887</repID>
  </txn>
  <txn>
    <txnID>1004</txnID>
    <date>10/1/2020</date>
    <cust>At Pretium LLC</cust>
    <prod>Gerantrazeophem</prod>
    <qty>1200</qty>
    <amount>2244</amount>
    <country>USA</country>
    <repID>332</repID>
  </txn>
  <txn>
    <txnID>1005</txnID>
    <date>3/4/2020</date>
    <cust>Vitae Risus Incorporated</cust>
    <prod>Clobromizen</prod>
    <qty>1600</qty>
    <amount>2304</amount>
    <country>USA</country>
    <repID>203</repID>
  </txn>
  <txn>
    <txnID>1006</txnID>
    <date>9/4/2020</date>
    <cust>Lorem Luctus</cust>
    <prod>Gerantrazeophem</prod>
    <qty>800</qty>
    <amount>1496</amount>
    <country>USA</country>
    <repID>332</repID>
  </txn>
  <txn>
    <txnID>1007</txnID>
    <date>1/14/2020</date>
    <cust>Lorem Luctus</cust>
    <prod>Clobromizen</prod>
    <qty>900</qty>
    <amount>1296</amount>
    <country>USA</country>
    <repID>332</repID>
  </txn>
  <txn>
    <txnID>1008</txnID>
    <date>11/19/2020</date>
    <cust>At Pretium LLC</cust>
    <prod>Alaraphosol</prod>
    <qty>200</qty>
    <amount>184</amount>
    <country>USA</country>
    <repID>332</repID>
  </txn>
  <txn>
    <txnID>1009</txnID>
    <date>8/14/2020</date>
    <cust>Lorem Luctus</cust>
    <prod>Gerantrazeophem</prod>
    <qty>300</qty>
    <amount>561</amount>
    <country>USA</country>
    <repID>332</repID>
  </txn>
  <txn>
    <txnID>1010</txnID>
    <date>11/15/2020</date>
    <cust>Proin Dolor Institut</cust>
    <prod>Clobromizen</prod>
    <qty>1200</qty>
    <amount>1728</amount>
    <country>Germany</country>
    <repID>221</repID>
  </txn>
  <txn>
    <txnID>1011</txnID>
    <date>11/20/2020</date>
    <cust>Varius Plc</cust>
    <prod>Clobromizen</prod>
    <qty>1200</qty>
    <amount>1728</amount>
    <country>Brazil</country>
    <repID>887</repID>
  </txn>
  <txn>
    <txnID>1012</txnID>
    <date>3/5/2020</date>
    <cust>Vitae Risus Incorporated</cust>
    <prod>Bhiktarvizem</prod>
    <qty>1000</qty>
    <amount>3870</amount>
    <country>USA</country>
    <repID>203</repID>
  </txn>
  <txn>
    <txnID>1013</txnID>
    <date>5/15/2020</date>
    <cust>Plaxus Medical</cust>
    <prod>Alaraphosol</prod>
    <qty>1800</qty>
    <amount>1656</amount>
    <country>USA</country>
    <repID>119</repID>
  </txn>
  <txn>
    <txnID>1014</txnID>
    <date>3/19/2020</date>
    <cust>Adipiscing Mauris Inc.</cust>
    <prod>Gerantrazeophem</prod>
    <qty>600</qty>
    <amount>1122</amount>
    <country>USA</country>
    <repID>203</repID>
  </txn>
  <txn>
    <txnID>1015</txnID>
    <date>9/3/2020</date>
    <cust>Proin Dolor Institut</cust>
    <prod>Alaraphosol</prod>
    <qty>1900</qty>
    <amount>1748</amount>
    <country>Germany</country>
    <repID>221</repID>
  </txn>
  <txn>
    <txnID>1016</txnID>
    <date>10/24/2020</date>
    <cust>Eu Dolor Companie</cust>
    <prod>Diaprogenix</prod>
    <qty>1400</qty>
    <amount>56</amount>
    <country>Brazil</country>
    <repID>887</repID>
  </txn>
  <txn>
    <txnID>1017</txnID>
    <date>2/16/2020</date>
    <cust>Vitae Risus Incorporated</cust>
    <prod>Alaraphosol</prod>
    <qty>1200</qty>
    <amount>1104</amount>
    <country>USA</country>
    <repID>203</repID>
  </txn>
  <txn>
    <txnID>1018</txnID>
    <date>6/25/2020</date>
    <cust>Luctus Aliquet Plc</cust>
    <prod>Clobromizen</prod>
    <qty>1000</qty>
    <amount>1440</amount>
    <country>Brazil</country>
    <repID>887</repID>
  </txn>
  <txn>
    <txnID>1019</txnID>
    <date>10/22/2020</date>
    <cust>Luctus Aliquet Plc</cust>
    <prod>Alaraphosol</prod>
    <qty>200</qty>
    <amount>184</amount>
    <country>Brazil</country>
    <repID>887</repID>
  </txn>
  <txn>
    <txnID>1020</txnID>
    <date>3/5/2020</date>
    <cust>Enim PC</cust>
    <prod>Clobromizen</prod>
    <qty>900</qty>
    <amount>1296</amount>
    <country>USA</country>
    <repID>203</repID>
  </txn>
</txns>
