<?xml version="1.0" encoding="UTF-8"?>

<txns>
  <txn>
    <txnID>1001</txnID>
    <date>9/28/2020</date>
    <cust>Adipiscing Mauris Inc.</cust>
    <prod>Alaraphosol</prod>
    <qty>1800</qty>
    <amount>1656</amount>
    <country>USA</country>
    <repID>203</repID>
  </txn>
  <txn>
    <txnID>1002</txnID>
    <date>4/27/2020</date>
    <cust>Nisl Quisque</cust>
    <prod>Diaprogenix</prod>
    <qty>1900</qty>
    <amount>76</amount>
    <country>Brazil</country>
    <repID>887</repID>
  </txn>
  <txn>
    <txnID>1003</txnID>
    <date>7/13/2020</date>
    <cust>Adipiscing Mauris Inc.</cust>
    <prod>Colophrazen</prod>
    <qty>1600</qty>
    <amount>1968</amount>
    <country>USA</country>
    <repID>203</repID>
  </txn>
  <txn>
    <txnID>1004</txnID>
    <date>10/6/2020</date>
    <cust>Luctus Aliquet Plc</cust>
    <prod>Diaprogenix</prod>
    <qty>1000</qty>
    <amount>40</amount>
    <country>Brazil</country>
    <repID>887</repID>
  </txn>
  <txn>
    <txnID>1005</txnID>
    <date>1/13/2020</date>
    <cust>Eu Dolor Companie</cust>
    <prod>Bhiktarvizem</prod>
    <qty>1700</qty>
    <amount>6579</amount>
    <country>Brazil</country>
    <repID>887</repID>
  </txn>
  <txn>
    <txnID>1006</txnID>
    <date>9/15/2020</date>
    <cust>Lorem Luctus</cust>
    <prod>Colophrazen</prod>
    <qty>1700</qty>
    <amount>2091</amount>
    <country>USA</country>
    <repID>332</repID>
  </txn>
  <txn>
    <txnID>1007</txnID>
    <date>5/14/2020</date>
    <cust>At Pretium LLC</cust>
    <prod>Colophrazen</prod>
    <qty>900</qty>
    <amount>1107</amount>
    <country>USA</country>
    <repID>332</repID>
  </txn>
  <txn>
    <txnID>1008</txnID>
    <date>4/26/2020</date>
    <cust>Proin Dolor Institut</cust>
    <prod>Bhiktarvizem</prod>
    <qty>1200</qty>
    <amount>4644</amount>
    <country>Germany</country>
    <repID>221</repID>
  </txn>
  <txn>
    <txnID>1009</txnID>
    <date>3/22/2020</date>
    <cust>Lorem Luctus</cust>
    <prod>Xipramin</prod>
    <qty>900</qty>
    <amount>648</amount>
    <country>USA</country>
    <repID>332</repID>
  </txn>
  <txn>
    <txnID>1010</txnID>
    <date>11/16/2020</date>
    <cust>Lorem Luctus</cust>
    <prod>Xinoprozen</prod>
    <qty>1600</qty>
    <amount>4512</amount>
    <country>USA</country>
    <repID>332</repID>
  </txn>
  <txn>
    <txnID>1011</txnID>
    <date>10/22/2020</date>
    <cust>Proin Dolor Institut</cust>
    <prod>Xinoprozen</prod>
    <qty>1800</qty>
    <amount>5076</amount>
    <country>Germany</country>
    <repID>221</repID>
  </txn>
  <txn>
    <txnID>1012</txnID>
    <date>9/6/2020</date>
    <cust>Proin Dolor Institut</cust>
    <prod>Gerantrazeophem</prod>
    <qty>1100</qty>
    <amount>2057</amount>
    <country>Germany</country>
    <repID>221</repID>
  </txn>
  <txn>
    <txnID>1013</txnID>
    <date>2/5/2020</date>
    <cust>Eu Dolor Companie</cust>
    <prod>Xinoprozen</prod>
    <qty>800</qty>
    <amount>2256</amount>
    <country>Brazil</country>
    <repID>887</repID>
  </txn>
  <txn>
    <txnID>1014</txnID>
    <date>5/8/2020</date>
    <cust>Proin Dolor Institut</cust>
    <prod>Gerantrazeophem</prod>
    <qty>700</qty>
    <amount>1309</amount>
    <country>Germany</country>
    <repID>221</repID>
  </txn>
  <txn>
    <txnID>1015</txnID>
    <date>2/17/2020</date>
    <cust>Varius Plc</cust>
    <prod>Alaraphosol</prod>
    <qty>1500</qty>
    <amount>1380</amount>
    <country>Brazil</country>
    <repID>887</repID>
  </txn>
  <txn>
    <txnID>1016</txnID>
    <date>3/28/2020</date>
    <cust>Erat Pharma</cust>
    <prod>Alaraphosol</prod>
    <qty>800</qty>
    <amount>736</amount>
    <country>Germany</country>
    <repID>100</repID>
  </txn>
  <txn>
    <txnID>1017</txnID>
    <date>11/7/2020</date>
    <cust>At Pretium LLC</cust>
    <prod>Diaprogenix</prod>
    <qty>400</qty>
    <amount>16</amount>
    <country>USA</country>
    <repID>332</repID>
  </txn>
  <txn>
    <txnID>1018</txnID>
    <date>4/22/2020</date>
    <cust>Vitae Risus Incorporated</cust>
    <prod>Colophrazen</prod>
    <qty>1300</qty>
    <amount>1599</amount>
    <country>USA</country>
    <repID>203</repID>
  </txn>
  <txn>
    <txnID>1019</txnID>
    <date>3/14/2020</date>
    <cust>Vitae Risus Incorporated</cust>
    <prod>Alaraphosol</prod>
    <qty>1000</qty>
    <amount>920</amount>
    <country>USA</country>
    <repID>203</repID>
  </txn>
  <txn>
    <txnID>1020</txnID>
    <date>4/21/2020</date>
    <cust>Nisl Quisque</cust>
    <prod>Gerantrazeophem</prod>
    <qty>200</qty>
    <amount>374</amount>
    <country>Brazil</country>
    <repID>887</repID>
  </txn>
</txns>
